"","dataF"
"1","f"
"2","i"
"3","c"
"4"," "
"5","t"
"6","z"
"7","i"
"8","x"
"9","m"
"10","i"
"11"," "
"12","o"
"13","s"
"14","i"
"15"," "
"16","t"
"17","o"
"18","l"
"19","a"
"20","k"
"21"," "
"22","s"
"23","e"
"24","a"
"25","z"
"26"," "
"27","f"
"28","p"
"29","i"
"30","f"
"31","i"
"32","c"
"33"," "
"34","a"
"35","t"
"36"," "
"37","o"
"38","s"
"39","i"
"40"," "
"41","z"
"42","o"
"43","j"
"44","v"
"45"," "
"46","p"
"47","o"
"48","j"
"49","x"
"50"," "
"51","t"
"52","o"
"53","l"
"54","a"
"55","k"
"56"," "
"57","s"
"58","e"
"59","a"
"60","z"
"61"," "
"62","v"
"63","i"
"64","t"
"65","j"
"66","h"
"67","e"
"68","i"
"69","m"
"70"," "
"71","a"
"72","j"
"73","x"
"74"," "
"75","o"
"76","p"
"77","a"
"78"," "
"79","z"
"80","m"
"81","p"
"82","a"
"83"," "
"84","o"
"85","j"
"86","v"
"87"," "
"88","n"
"89","'"
"90","u"
"91"," "
"92","f"
"93","p"
"94","i"
"95","t"
"96","o"
"97","n"
"98","a"
"99","d"
"100"," "
"101","s"
"102","o"
"103","w"
"104","o"
"105","p"
"106"," "
"107","v"
"108","u"
"109"," "
"110","t"
"111","t"
"112","o"
"113","d"
"114","d"
"115","e"
"116","t"
"117"," "
"118","v"
"119","e"
"120","c"
"121","t"
"122","t"
"123","o"
"124","d"
"125","d"
"126","e"
"127","t"
"128"," "
"129","s"
"130","a"
"131","g"
"132"," "
"133","f"
"134","o"
"135","t"
"136","t"
"137","o"
"138","s"
"139","f"
"140"," "
"141","t"
"142","i"
"143","x"
"144"," "
"145","u"
"146","u"
"147","s"
"148","a"
"149","n"
"150","."
"151"," "
"152","i"
"153","u"
"154","s"
"155","v"
"156","i"
"157","q"
"158"," "
"159","a"
"160","s"
"161","q"
"162","v"
"163","t"
"164","o"
"165"," "
"166","n"
"167","e"
"168","s"
"169","a"
"170","d"
"171","o"
"172","f"
"173"," "
"174","v"
"175","o"
"176"," "
"177","o"
"178","d"
"179","m"
"180","e"
"181","f"
"182"," "
"183","o"
"184","u"
"185","m"
"186",":"
"187"," "
"188","f"
"189","m"
"190","a"
"191"," "
"192","o"
"193","j"
"194","v"
"195","z"
"196","s"
"197","a"
"198","m"
"199","h"
"200",","
"201"," "
"202","o"
"203","v"
"204","i"
"205","s"
"206","o"
"207","q"
"208","t"
"209","o"
"210","f"
"211"," "
"212","o"
"213","n"
"214","a"
"215","t"
"216"," "
"217","s"
"218","a"
"219","g"
"220"," "
"221","v"
"222","p"
"223","o"
"224","f"
"225","s"
"226","i"
"227"," "
"228","p"
"229","o"
"230","s"
"231","f"
"232","m"
"233","u"
"234","j"
"235","d"
"236"," "
"237","a"
"238","v"
"239","v"
"240","t"
"241","o"
"242","b"
"243"," "
"244","j"
"245","h"
"246","u"
"247","j"
"248"," "
"249","j"
"250","d"
"251","e"
"252","t"
"253"," "
"254","j"
"255","v"
"256","u"
"257","x"
"258"," "
"259","m"
"260","m"
"261","o"
"262","v"
"263"," "
"264","v"
"265","a"
"266","p"
"267"," "
"268","f"
"269","m"
"270","e"
"271","a"
"272","x"
"273"," "
"274","e"
"275","a"
"276","z"
"277"," "
"278","f"
"279","p"
"280","o"
"281","u"
"282","s"
"283","g"
"284",","
"285"," "
"286","z"
"287","n"
"288",")"
"289","f"
"290","i"
"291","c"
"292"," "
"293","t"
"294","i"
"295","x"
"296"," "
"297","t"
"298","s"
"299","i"
"300","o"
"301","z"
"302"," "
"303","p"
"304","o"
"305","v"
"306"," "
"307","v"
"308","t"
"309","i"
"310","m"
"311"," "
"312","o"
"313","j"
"314","v"
"315"," "
"316","v"
"317","j"
"318","h"
"319","e"
"320","a"
"321","j"
"322","v"
"323"," "
"324","e"
"325","a"
"326","z"
"327"," "
"328","f"
"329","p"
"330","i"
"331","("
"332","o"
"333","v"
"334","o"
"335","m"
"336","a"
"337","t"
"338","c"
"339","a"
"340"," "
"341","o"
"342","s"
"343","i"
"344"," "
"345","e"
"346","a"
"347","z"
"348"," "
"349","f"
"350","m"
"351","a"
"352",","
"353"," "
"354","v"
"355","a"
"356","p"
"357"," "
"358","o"
"359","s"
"360","i"
"361"," "
"362","e"
"363","a"
"364","z"
"365","z"
"366","m"
"367","a"
"368","q"
"369","a"
"370","p"
"371","a"
"372","n"
"373"," "
"374","o"
"375","l"
"376","u"
"377","m"
"378"," "
"379","t"
"380","u"
"381"," "
"382","o"
"383","g"
"384","u"
"385","m"
"386","v"
"387","y"
"388","o"
"389","p"
"390"," "
"391","o"
"392","j"
"393","v"
"394"," "
"395","o"
"396","c"
"397"," "
"398","v"
"399","j"
"400","h"
"401","u"
"402","n"
"403"," "
"404","e"
"405","a"
"406","z"
"407"," "
"408","f"
"409","p"
"410","i"
"411","f"
"412","o"
"413","v"
"414","p"
"415","o"
"416","w"
"417","p"
"418","u"
"419"," "
"420","t"
"421","i"
"422","x"
"423"," "
"424","o"
"425","s"
"426","e"
"427","v"
"428","e"
"429","g"
"430"," "
"431","o"
"432","j"
"433","v"
